vdfrt.ml,ioc_domain
asdasgs.ug,ioc_domain
spammer-comingson02.com,ioc_domain
setmakersl.com,ioc_domain
cija-drive.com,ioc_domain
interacti3ve.xyz,ioc_domain
ahah.3322.org,ioc_domain
dain6544.com,ioc_domain
fisintegrateds.com,ioc_domain
hazovvbctmpkaigwzdbtpve.com,ioc_domain
kurvuty.com,ioc_domain
cpc158705-smal21-2-0-cust196.19-1.cable.virginm.net,ioc_domain
zkhedomcvpaiv.biz,ioc_domain
travelsagas.com,ioc_domain
spammer-comingson05.com,ioc_domain
internet-start.net,ioc_domain
broker.rshb.ru,ioc_domain
bras-base-kntaon1614w-grc-45-70-49-33-200.dsl.bell.ca,ioc_domain
avaxbridge.fund,ioc_domain
