CLOUDFLARENET,Autonomous-System
Web4Africa,Autonomous-System
PUBLIC-DOMAIN-REGISTRY,Autonomous-System
VFMNL-AS,Autonomous-System
NETWORK-SOLUTIONS-HOSTING,Autonomous-System
bc1qrjl4ksg5h7p70jjtypr8s6cjpngzd3kerfj9rt,Cryptocurrency-Wallet
1MEf31xHgNKqyB7HEeAbcU6BhofMdwLE3r,Cryptocurrency-Wallet
bc1qtrle8939dcu39hqfh0jt0y25d4wxqvt60f7pj8,Cryptocurrency-Wallet
1ARtkKzd18Z4QhvHVijrVFTgerYEoopjLP,Cryptocurrency-Wallet
1KfRWVcShzwE2Atp1njogAqH8qodsif3pi,Cryptocurrency-Wallet
1ApdtuAoGvDi8BLK9CaZFSw8Ku9go6Mwdb,Cryptocurrency-Wallet
3P6JnvWtubxbCxgPW7GAAj8u6CLV2h9MkY,Cryptocurrency-Wallet
18PJPLZutdZUV16uiXkX9KXX1kHw5UiJHV,Cryptocurrency-Wallet
bc1qjg3y4d4t6hwg6h22khknlxcstevjg2qkrxt6qu,Cryptocurrency-Wallet
38atNsForzrDRhJoVAhyXsQLqWYfYgodd5,Cryptocurrency-Wallet
1AfFoww2ajt5g1YyrrfNYQfKJAjnRwVUsX,Cryptocurrency-Wallet
19VFGWgBkn6J3kMd8ApfCbtbNUmg8eBMvp,Cryptocurrency-Wallet
bc1ql5f3m75qx3ueu2pz5eeveyqsw6pdjs3ufk8r20,Cryptocurrency-Wallet
13vZcoMYRcKrDRDYUyH9Cd4kCRMZVjFkyn,Cryptocurrency-Wallet
easyappt.com,Domain-Name
vdfrt.ml,Domain-Name
asdasgs.ug,Domain-Name
the1sissycuckold.com,Domain-Name
newrat2.no-ip.org,Domain-Name
247care-consultancy.nl,Domain-Name
cjpharmtech.com,Domain-Name
aotmoo.com,Domain-Name
reevescounty.listittx.com,Domain-Name
woeninuvd.com,Domain-Name
hhiwx.gxrne.com,Domain-Name
gopublic.work,Domain-Name
livesoor.com,Domain-Name
adhunikit.com,Domain-Name
secureconvdt.com,Domain-Name
cmsrecuperocrediti.it,Domain-Name
spammer-comingson02.com,Domain-Name
secure-postmaster.aflamcartoons.com,Domain-Name
therealgulfcoast.com,Domain-Name
dht.transmissionbt.com,Domain-Name
esthe-aroma.red,Domain-Name
itunes.foundcheats.com,Domain-Name
frsmanagement.com,Domain-Name
setmakersl.com,Domain-Name
cija-drive.com,Domain-Name
passivetofreedom.com,Domain-Name
covid19map.ml,Domain-Name
osuhousing.com,Domain-Name
interacti3ve.xyz,Domain-Name
ahah.3322.org,Domain-Name
dain6544.com,Domain-Name
pittsburghbreastsurgeon.com,Domain-Name
fisintegrateds.com,Domain-Name
flash.libertyslots.eu,Domain-Name
belief.co.in,Domain-Name
xxx.xxrver.us,Domain-Name
securityboulevard.com,Domain-Name
www.scoliosisindia.in,Domain-Name
weswalks.com,Domain-Name
avilansantos.com,Domain-Name
hdusx.gxrne.com,Domain-Name
sipil.in,Domain-Name
hazovvbctmpkaigwzdbtpve.com,Domain-Name
kurvuty.com,Domain-Name
dznzsdjlb.898xy.com,Domain-Name
readyauthinority.space,Domain-Name
americanexpress.com.mscboa.org,Domain-Name
colonypossiblelay.top,Domain-Name
cpc158705-smal21-2-0-cust196.19-1.cable.virginm.net,Domain-Name
2540calling.org,Domain-Name
tombowonline.com,Domain-Name
studiostorage.net,Domain-Name
zkhedomcvpaiv.biz,Domain-Name
pdcelsalvador.org,Domain-Name
clientinfoserve.com,Domain-Name
sonxeberler.info,Domain-Name
uenkli.usolving.com,Domain-Name
hebjket.com,Domain-Name
tb.lotto-bremen.de,Domain-Name
travelsagas.com,Domain-Name
jennieleedesigns.com,Domain-Name
spammer-comingson05.com,Domain-Name
internet-start.net,Domain-Name
enext.mn,Domain-Name
www.osa-amazon.date,Domain-Name
dynamic-domain-ns1.ml,Domain-Name
telens.ir,Domain-Name
broker.rshb.ru,Domain-Name
blackflag.sharezips.net,Domain-Name
nicenecei.geronmonet.cn,Domain-Name
dhlpostal.co,Domain-Name
ww25.youtubeunlocked.com,Domain-Name
bras-base-kntaon1614w-grc-45-70-49-33-200.dsl.bell.ca,Domain-Name
freesound.online,Domain-Name
maryteruya.com,Domain-Name
librarysenior.com,Domain-Name
ip217.ip-198-50-155.net,Domain-Name
avaxbridge.fund,Domain-Name
sys.businessconsults.net,Domain-Name
alltokendapsupport.com,Domain-Name
