distorsion.fm,ioc_domain
arquiobra.com.ar,ioc_domain
190-204-74-4.dyn.dsl.cantv.net,ioc_domain
angelome.com.ar,ioc_domain
prometal.akadnyx.net,ioc_domain
w.littleconducive.top,ioc_domain
axander.net,ioc_domain
www.sports-future.com,ioc_domain
m.kuangyedeai.xyz,ioc_domain
www.s1z7sg.shop,ioc_domain
lisandrofigueredo.com.ar,ioc_domain
morphiate.poojakamahatva.site,ioc_domain
hns.marcorservices.com,ioc_domain
anwritri.gq,ioc_domain
www.iowabasementrepair.com,ioc_domain
muscnonritinsta.ga,ioc_domain
www.valentinavalentinmodafeminina.com,ioc_domain
adopear.ml,ioc_domain
pool-72-88-245-71.nwrknj.fios.verizon.net,ioc_domain
kakaindia.marcorservices.com,ioc_domain
support.ttdns.net,ioc_domain
www.deefydsygredr.buzz,ioc_domain
vidalinmobiliariacampana.com.ar,ioc_domain
www.chka.net,ioc_domain
78c9b0545a251659945ebb4f07c701f5.christophermarrphotography.co.uk,ioc_domain
creekdarderbno.ml,ioc_domain
www.4142658.com,ioc_domain
www.truthstorylove.com,ioc_domain
cni.knocksbitlab.site,ioc_domain
mail.lemera.se,ioc_domain
weide669.com,ioc_domain
webdisk.vdevideojuegos.com,ioc_domain
promessdev.com,ioc_domain
nowthisisjizzwailing.wtf,ioc_domain
1668456773.9pu.org,ioc_domain
deltarp.xyz,ioc_domain
nafazzmomies.co,ioc_domain
www.otwbln.pl,ioc_domain
sandiklisekssohbeti.xyz,ioc_domain
www.sciepy.com,ioc_domain
ferreiropropiedades.com.ar,ioc_domain
maestrarosasergi.marcorservices.com,ioc_domain
ffmvelxm.icu,ioc_domain
hmilano.com.ar,ioc_domain
bdtz1.halloweentowngathering.com,ioc_domain
adminaffairs-www.yyxxyc.com,ioc_domain
evatockeryasoc.com.ar,ioc_domain
rekemaward.ga,ioc_domain
a9mastermind.com,ioc_domain
ellymx.cyou,ioc_domain
mchbroker.com.ar,ioc_domain
static.213-239-212-5.clients.your-server.de,ioc_domain
www.bakesaleheros.com,ioc_domain
xmike.marcorservices.com,ioc_domain
patksbff.click,ioc_domain
mebledlawas.buzz,ioc_domain
secure.nomacorc.com,ioc_domain
www.ofsoptics.net,ioc_domain
f6187ccfc1d198165e6372f6253006e2.christophermarrphotography.co.uk,ioc_domain
cpcontacts.nawiisland.com,ioc_domain
mictobig.xyz,ioc_domain
call.aims360.com,ioc_domain
sld.knocksbitlab.site,ioc_domain
camilla.ink,ioc_domain
walkyourcross.com,ioc_domain
dre.bthaha.buzz,ioc_domain
torrespropiedades.com.ar,ioc_domain
nicholswire.com,ioc_domain
www.creditcardforpaypal.com,ioc_domain
zopatye.info,ioc_domain
mautic.mentoriabarberbusiness.com.br,ioc_domain
videos.timtube.com,ioc_domain
bank.pingan.com.clarkcrowncard.com,ioc_domain
outgoing.purity-water.com,ioc_domain
binary-option.galsopost.cf,ioc_domain
wzx.knocksbitlab.site,ioc_domain
pretogotorlin.cf,ioc_domain
hebinilat.xyz,ioc_domain
www.picomy.com,ioc_domain
www.forshoppingstop.xyz,ioc_domain
landmarqconstruction.com,ioc_domain
tweedledee.marcorservices.com,ioc_domain
spansathinmaicol.ga,ioc_domain
www.biovetfarm.com.ua,ioc_domain
simpcargatagno.tk,ioc_domain
relaxwilliamsburg.com,ioc_domain
9c530c0d75160c114250bf472a38326e.christophermarrphotography.co.uk,ioc_domain
webdisk.kigyou-sapporo.com,ioc_domain
sandnodeso.tk,ioc_domain
progriu.top,ioc_domain
pc-48-40-44-190.cm.vtr.net,ioc_domain
7927.lylaozhongyi.com,ioc_domain
xn--8-jyfi9d7a5f.com,ioc_domain
arcticgo.today,ioc_domain
taverne-des-rolistes.marcorservices.com,ioc_domain
www.jpeeghigh8.xyz,ioc_domain
webmail.easi.ro,ioc_domain
complulbecan.cf,ioc_domain
fishfol.lycoun.asia,ioc_domain
